province;red;green;blue;x;x
1;146;11;101;Province0001;x
2;106;37;8;Province0002;x
3;191;45;113;Province0003;x
4;125;150;91;Province0004;x
5;248;3;102;Province0005;x
6;181;166;64;Province0006;x
7;250;190;78;Province0007;x
8;134;42;27;Province0008;x
9;97;204;83;Province0009;x
10;169;188;93;Province0010;x
11;221;32;83;Province0011;x
12;204;192;96;Province0012;x
13;80;169;64;Province0013;x
14;116;156;111;Province0014;x
15;140;217;66;Province0015;x
16;247;232;63;Province0016;x
17;112;83;65;Province0017;x
18;226;106;125;Province0018;x
19;235;49;67;Province0019;x
20;152;202;19;Province0020;x
21;204;145;119;Province0021;x
22;242;88;99;Province0022;x
23;152;229;42;Province0023;x
24;157;86;37;Province0024;x
25;180;202;55;Province0025;x
26;161;42;83;Province0026;x
27;72;197;113;Province0027;x
28;127;207;31;Province0028;x
29;147;107;24;Province0029;x
30;202;227;101;Province0030;x
31;250;193;0;Province0031;x
32;186;134;62;Province0032;x
33;76;11;79;Province0033;x
34;103;102;59;Province0034;x
35;161;68;11;Province0035;x
36;72;134;42;Province0036;x
37;137;247;92;Province0037;x
38;137;241;79;Province0038;x
39;227;103;117;Province0039;x
40;253;181;0;Province0040;x
41;224;158;51;Province0041;x
42;103;221;125;Province0042;x
43;172;111;41;Province0043;x
44;167;251;42;Province0044;x
45;235;158;117;Province0045;x
46;163;53;64;Province0046;x
47;223;91;49;Province0047;x
48;143;246;114;Province0048;x
49;92;221;110;Province0049;x
50;229;72;97;Province0050;x
51;205;251;15;Province0051;x
52;73;13;36;Province0052;x
53;101;1;117;Province0053;x
54;72;1;47;Province0054;x
55;110;251;30;Province0055;x
56;153;178;89;Province0056;x
57;79;216;40;Province0057;x
58;91;78;89;Province0058;x
59;169;165;26;Province0059;x
60;133;92;46;Province0060;x
61;241;39;3;Province0061;x
62;177;200;82;Province0062;x
63;123;235;102;Province0063;x
64;83;182;72;Province0064;x
65;70;214;37;Province0065;x
66;115;154;94;Province0066;x
67;102;31;4;Province0067;x
68;217;128;18;Province0068;x
69;211;105;77;Province0069;x
70;88;132;38;Province0070;x
71;148;67;45;Province0071;x
72;191;215;20;Province0072;x
73;165;175;108;Province0073;x
74;198;18;72;Province0074;x
75;252;164;41;Province0075;x
76;232;159;29;Province0076;x
77;89;68;31;Province0077;x
78;122;11;78;Province0078;x
79;156;63;83;Province0079;x
80;68;86;78;Province0080;x
81;115;64;50;Province0081;x
82;104;120;2;Province0082;x
83;137;34;42;Province0083;x
84;214;192;73;Province0084;x
85;225;163;80;Province0085;x
86;90;233;88;Province0086;x
87;63;153;50;Province0087;x
88;101;138;108;Province0088;x
89;164;187;23;Province0089;x
90;196;19;21;Province0090;x
91;80;11;93;Province0091;x
92;64;121;9;Province0092;x
93;94;102;41;Province0093;x
94;64;70;93;Province0094;x
95;231;214;75;Province0095;x
96;243;131;15;Province0096;x
97;145;161;55;Province0097;x
98;234;18;53;Province0098;x
99;145;119;36;Province0099;x
100;216;206;19;Province0100;x
101;194;25;78;Province0101;x
102;95;203;69;Province0102;x
103;253;13;18;Province0103;x
104;72;173;66;Province0104;x
105;196;147;63;Province0105;x
106;131;200;5;Province0106;x
107;237;28;91;Province0107;x
108;137;92;82;Province0108;x
109;238;55;109;Province0109;x
110;119;196;107;Province0110;x
111;190;15;21;Province0111;x
112;147;158;116;Province0112;x
113;209;88;77;Province0113;x
114;94;4;5;Province0114;x
115;231;34;64;Province0115;x
116;244;49;6;Province0116;x
117;163;97;18;Province0117;x
118;179;207;43;Province0118;x
119;75;254;122;Province0119;x
120;107;156;62;Province0120;x
121;165;191;15;Province0121;x
122;110;8;23;Province0122;x
123;164;10;51;Province0123;x
124;233;230;109;Province0124;x
125;182;97;18;Province0125;x
126;192;217;82;Province0126;x
127;241;159;56;Province0127;x
128;124;129;106;Province0128;x
129;74;67;47;Province0129;x
130;148;252;80;Province0130;x
131;203;16;126;Province0131;x
132;249;216;99;Province0132;x
133;177;240;67;Province0133;x
134;63;68;54;Province0134;x
135;100;244;76;Province0135;x
136;112;15;39;Province0136;x
137;241;130;60;Province0137;x
138;164;225;73;Province0138;x
139;140;195;72;Province0139;x
140;96;156;116;Province0140;x
141;104;139;37;Province0141;x
142;238;104;60;Province0142;x
143;133;15;34;Province0143;x
144;144;219;12;Province0144;x
145;102;11;76;Province0145;x
146;217;56;82;Province0146;x
147;144;196;14;Province0147;x
148;154;3;25;Province0148;x
149;104;202;97;Province0149;x
150;134;228;65;Province0150;x
151;210;8;30;Province0151;x
152;203;90;21;Province0152;x
153;86;254;94;Province0153;x
154;98;21;22;Province0154;x
155;123;213;23;Province0155;x
156;234;89;87;Province0156;x
157;153;19;43;Province0157;x
158;204;80;115;Province0158;x
159;66;139;69;Province0159;x
160;145;185;16;Province0160;x
161;242;135;119;Province0161;x
162;190;67;64;Province0162;x
163;93;195;3;Province0163;x
164;148;162;68;Province0164;x
165;146;154;7;Province0165;x
166;178;86;92;Province0166;x
167;127;131;49;Province0167;x
168;201;147;73;Province0168;x
169;179;53;48;Province0169;x
170;188;146;112;Province0170;x
171;156;196;15;Province0171;x
172;243;10;91;Province0172;x
173;167;246;79;Province0173;x
174;110;80;84;Province0174;x
175;162;169;13;Province0175;x
176;97;164;63;Province0176;x
177;110;177;121;Province0177;x
178;196;156;85;Province0178;x
179;89;76;6;Province0179;x
180;186;199;99;Province0180;x
181;204;214;64;Province0181;x
182;124;209;103;Province0182;x
183;199;43;11;Province0183;x
184;131;17;108;Province0184;x
185;152;91;24;Province0185;x
186;128;137;122;Province0186;x
187;117;131;63;Province0187;x
188;128;39;43;Province0188;x
189;112;131;15;Province0189;x
190;199;216;52;Province0190;x
191;126;147;78;Province0191;x
192;236;228;41;Province0192;x
193;72;190;65;Province0193;x
194;134;154;101;Province0194;x
195;92;216;59;Province0195;x
196;125;133;120;Province0196;x
197;132;83;52;Province0197;x
198;234;124;113;Province0198;x
199;203;171;120;Province0199;x
200;89;211;114;Province0200;x
201;190;8;53;Province0201;x
202;170;145;59;Province0202;x
203;80;96;43;Province0203;x
204;107;100;71;Province0204;x
205;204;50;16;Province0205;x
206;74;83;116;Province0206;x
207;154;23;16;Province0207;x
208;247;109;97;Province0208;x
209;151;198;117;Province0209;x
210;192;45;96;Province0210;x
211;77;232;32;Province0211;x
212;229;223;109;Province0212;x
213;180;210;93;Province0213;x
214;230;247;41;Province0214;x
215;127;178;60;Province0215;x
216;147;73;92;Province0216;x
217;212;191;41;Province0217;x
218;140;92;12;Province0218;x
219;209;10;102;Province0219;x
220;142;54;0;Province0220;x
221;231;72;102;Province0221;x
222;197;84;0;Province0222;x
223;123;41;72;Province0223;x
224;167;218;2;Province0224;x
225;129;141;41;Province0225;x
226;151;226;101;Province0226;x
227;196;148;35;Province0227;x
228;187;48;88;Province0228;x
229;217;9;18;Province0229;x
230;166;159;26;Province0230;x
231;137;46;31;Province0231;x
232;215;242;41;Province0232;x
233;190;84;97;Province0233;x
234;251;125;9;Province0234;x
235;113;21;86;Province0235;x
236;69;132;68;Province0236;x
237;77;164;20;Province0237;x
238;87;64;112;Province0238;x
239;207;72;118;Province0239;x
240;228;32;45;Province0240;x
241;156;217;106;Province0241;x
242;253;209;52;Province0242;x
243;157;104;56;Province0243;x
244;229;150;11;Province0244;x
245;108;159;26;Province0245;x
246;239;241;115;Province0246;x
247;199;57;45;Province0247;x
248;130;111;33;Province0248;x
249;170;160;35;Province0249;x
250;179;189;56;Province0250;x
251;232;137;67;Province0251;x
252;224;42;17;Province0252;x
253;221;81;105;Province0253;x
254;218;228;45;Province0254;x
255;166;75;53;Province0255;x
256;118;73;91;Province0256;x
257;64;245;125;Province0257;x
258;87;188;63;Province0258;x
259;199;13;30;Province0259;x
260;187;225;6;Province0260;x
261;205;171;29;Province0261;x
262;241;184;30;Province0262;x
263;244;44;93;Province0263;x
264;78;96;74;Province0264;x
265;87;23;22;Province0265;x
266;132;134;50;Province0266;x
267;181;3;7;Province0267;x
268;170;175;35;Province0268;x
269;182;70;40;Province0269;x
270;224;131;38;Province0270;x
271;254;23;30;Province0271;x
272;249;235;39;Province0272;x
273;142;184;103;Province0273;x
274;190;26;25;Province0274;x
275;136;47;32;Province0275;x
276;68;127;37;Province0276;x
277;121;34;26;Province0277;x
278;242;81;94;Province0278;x
279;175;95;94;Province0279;x
280;99;182;69;Province0280;x
281;252;181;17;Province0281;x
282;181;215;2;Province0282;x
283;94;202;19;Province0283;x
284;222;203;75;Province0284;x
285;187;235;5;Province0285;x
286;234;194;11;Province0286;x
287;217;196;53;Province0287;x
288;145;169;93;Province0288;x
289;240;174;41;Province0289;x
290;130;97;124;Province0290;x
291;194;61;19;Province0291;x
292;112;230;68;Province0292;x
293;109;195;51;Province0293;x
294;151;180;64;Province0294;x
295;224;8;74;Province0295;x
296;114;220;66;Province0296;x
297;80;198;103;Province0297;x
298;235;86;7;Province0298;x
299;71;138;13;Province0299;x
300;121;32;20;Province0300;x
301;222;203;104;Province0301;x
302;250;32;34;Province0302;x
303;110;167;26;Province0303;x
304;187;96;29;Province0304;x
305;137;224;81;Province0305;x
306;75;50;48;Province0306;x
307;103;99;66;Province0307;x
308;63;15;23;Province0308;x
309;150;253;7;Province0309;x
310;131;163;21;Province0310;x
311;195;204;8;Province0311;x
312;188;64;108;Province0312;x
313;186;254;119;Province0313;x
314;203;222;12;Province0314;x
315;132;0;74;Province0315;x
316;112;186;119;Province0316;x
317;190;11;25;Province0317;x
318;149;72;19;Province0318;x
319;160;193;65;Province0319;x
320;76;115;40;Province0320;x
321;154;169;52;Province0321;x
322;182;191;8;Province0322;x
323;175;85;32;Province0323;x
324;222;87;110;Province0324;x
325;109;77;92;Province0325;x
326;70;144;54;Province0326;x
327;204;123;18;Province0327;x
328;162;191;103;Province0328;x
329;236;120;53;Province0329;x
330;224;58;102;Province0330;x
331;192;53;89;Province0331;x
332;134;212;108;Province0332;x
333;135;10;19;Province0333;x
334;221;222;93;Province0334;x
335;142;29;122;Province0335;x
336;92;187;75;Province0336;x
337;161;46;126;Province0337;x
338;214;29;73;Province0338;x
339;249;100;104;Province0339;x
340;178;126;62;Province0340;x
341;97;140;98;Province0341;x
342;109;174;91;Province0342;x
343;117;104;99;Province0343;x
344;101;122;62;Province0344;x
345;147;254;120;Province0345;x
346;117;85;68;Province0346;x
347;163;205;107;Province0347;x
348;78;88;11;Province0348;x
349;242;206;92;Province0349;x
350;229;68;55;Province0350;x
351;111;147;121;Province0351;x
352;222;146;1;Province0352;x
353;163;231;110;Province0353;x
354;237;206;30;Province0354;x
355;251;82;122;Province0355;x
356;93;17;11;Province0356;x
357;174;202;54;Province0357;x
358;222;189;60;Province0358;x
359;100;247;84;Province0359;x
360;100;124;112;Province0360;x
361;126;60;79;Province0361;x
362;63;140;126;Province0362;x
363;75;209;87;Province0363;x
364;65;158;125;Province0364;x
365;116;156;122;Province0365;x
366;154;186;31;Province0366;x
367;65;124;47;Province0367;x
368;155;132;27;Province0368;x
369;247;201;104;Province0369;x
370;206;48;112;Province0370;x
371;145;125;45;Province0371;x
372;237;225;22;Province0372;x
373;253;16;7;Province0373;x
374;88;247;55;Province0374;x
375;248;208;24;Province0375;x
376;150;205;104;Province0376;x
377;217;57;11;Province0377;x
378;118;146;44;Province0378;x
379;127;137;110;Province0379;x
380;72;245;18;Province0380;x
381;158;73;98;Province0381;x
382;224;140;81;Province0382;x
383;199;192;31;Province0383;x
384;223;28;45;Province0384;x
385;186;132;50;Province0385;x
386;238;45;95;Province0386;x
387;153;200;93;Province0387;x
388;199;246;124;Province0388;x
389;118;157;124;Province0389;x
390;119;192;81;Province0390;x
391;178;58;35;Province0391;x
392;129;101;17;Province0392;x
393;222;186;77;Province0393;x
394;178;89;37;Province0394;x
395;192;218;113;Province0395;x
396;150;104;20;Province0396;x
397;103;204;24;Province0397;x
398;140;150;118;Province0398;x
399;91;220;11;Province0399;x
400;144;90;4;Province0400;x
401;132;89;5;Province0401;x
402;165;198;13;Province0402;x
403;186;214;119;Province0403;x
404;187;135;4;Province0404;x
405;220;45;62;Province0405;x
406;102;123;54;Province0406;x
407;197;27;69;Province0407;x
408;228;121;82;Province0408;x
409;88;244;93;Province0409;x
410;138;148;74;Province0410;x
411;199;186;88;Province0411;x
412;182;62;64;Province0412;x
413;222;134;58;Province0413;x
414;78;204;50;Province0414;x
415;203;74;33;Province0415;x
416;236;67;88;Province0416;x
417;192;10;77;Province0417;x
418;163;242;11;Province0418;x
419;116;1;44;Province0419;x
420;86;108;98;Province0420;x
421;85;158;55;Province0421;x
422;144;20;13;Province0422;x
423;127;44;27;Province0423;x
424;163;177;50;Province0424;x
425;92;23;116;Province0425;x
426;112;76;79;Province0426;x
427;171;25;51;Province0427;x
428;240;199;19;Province0428;x
429;86;187;64;Province0429;x
430;119;44;98;Province0430;x
431;209;206;108;Province0431;x
432;243;17;15;Province0432;x
433;145;105;60;Province0433;x
434;68;63;36;Province0434;x
435;207;168;46;Province0435;x
436;217;151;56;Province0436;x
437;194;164;125;Province0437;x
438;189;184;85;Province0438;x
439;90;202;53;Province0439;x
440;172;189;92;Province0440;x
441;152;55;81;Province0441;x
442;69;253;48;Province0442;x
443;178;225;103;Province0443;x
444;90;228;28;Province0444;x
445;173;210;46;Province0445;x
446;114;153;79;Province0446;x
447;202;58;89;Province0447;x
448;66;139;48;Province0448;x
449;144;247;8;Province0449;x
450;170;208;69;Province0450;x
451;98;66;33;Province0451;x
452;243;16;3;Province0452;x
453;125;237;126;Province0453;x
454;115;70;21;Province0454;x
455;103;250;34;Province0455;x
456;213;195;75;Province0456;x
457;87;11;75;Province0457;x
458;121;211;53;Province0458;x
459;130;131;3;Province0459;x
460;254;203;54;Province0460;x
461;80;195;113;Province0461;x
462;85;59;6;Province0462;x
463;85;8;123;Province0463;x
464;203;251;117;Province0464;x
465;221;35;126;Province0465;x
466;109;48;61;Province0466;x
467;247;175;122;Province0467;x
468;157;233;55;Province0468;x
469;176;66;64;Province0469;x
470;126;229;10;Province0470;x
471;97;13;35;Province0471;x
472;179;61;82;Province0472;x
473;149;6;31;Province0473;x
474;222;102;39;Province0474;x
475;78;122;101;Province0475;x
476;118;147;75;Province0476;x
477;159;65;47;Province0477;x
478;107;186;24;Province0478;x
479;108;109;91;Province0479;x
480;73;65;13;Province0480;x
481;198;152;71;Province0481;x
482;207;101;27;Province0482;x
483;189;104;44;Province0483;x
484;183;190;102;Province0484;x
485;200;20;110;Province0485;x
486;195;91;53;Province0486;x
487;88;113;68;Province0487;x
488;247;169;89;Province0488;x
489;206;71;70;Province0489;x
490;128;145;7;Province0490;x
491;142;105;8;Province0491;x
492;85;3;108;Province0492;x
493;138;33;73;Province0493;x
494;146;252;20;Province0494;x
495;163;79;20;Province0495;x
496;78;138;102;Province0496;x
497;123;54;122;Province0497;x
498;143;229;103;Province0498;x
499;225;221;51;Province0499;x
500;78;42;124;Province0500;x
501;198;25;0;Province0501;x
502;178;126;102;Province0502;x
503;200;51;40;Province0503;x
504;114;166;109;Province0504;x
505;159;228;10;Province0505;x
506;118;222;124;Province0506;x
507;195;58;22;Province0507;x
508;204;21;3;Province0508;x
509;204;116;76;Province0509;x
510;144;198;94;Province0510;x
511;225;158;107;Province0511;x
512;203;44;72;Province0512;x
513;170;15;90;Province0513;x
514;248;213;5;Province0514;x
515;111;183;108;Province0515;x
516;218;200;12;Province0516;x
517;238;78;39;Province0517;x
518;133;111;26;Province0518;x
519;68;152;46;Province0519;x
520;104;230;126;Province0520;x
521;154;15;22;Province0521;x
522;253;249;74;Province0522;x
523;130;201;40;Province0523;x
524;147;205;83;Province0524;x
525;230;220;21;Province0525;x
526;64;212;67;Province0526;x
527;129;164;70;Province0527;x
528;244;27;99;Province0528;x
529;85;10;116;Province0529;x
530;142;22;90;Province0530;x
531;225;76;96;Province0531;x
532;170;48;63;Province0532;x
533;207;251;82;Province0533;x
534;163;246;99;Province0534;x
535;206;113;76;Province0535;x
536;208;145;2;Province0536;x
537;114;144;75;Province0537;x
538;195;188;111;Province0538;x
539;66;151;74;Province0539;x
540;84;193;19;Province0540;x
541;110;160;93;Province0541;x
542;179;231;105;Province0542;x
543;111;175;16;Province0543;x
544;221;133;46;Province0544;x
545;215;159;89;Province0545;x
546;193;166;41;Province0546;x
547;109;237;66;Province0547;x
548;205;115;64;Province0548;x
549;237;46;0;Province0549;x
550;76;150;35;Province0550;x
551;68;139;76;Province0551;x
552;214;117;53;Province0552;x
553;218;28;23;Province0553;x
554;253;69;86;Province0554;x
555;194;1;42;Province0555;x
556;226;232;87;Province0556;x
557;165;236;6;Province0557;x
558;173;61;118;Province0558;x
559;105;174;124;Province0559;x
560;116;13;68;Province0560;x
561;168;41;60;Province0561;x
562;115;218;56;Province0562;x
563;71;114;106;Province0563;x
564;93;157;89;Province0564;x
565;192;46;32;Province0565;x
566;103;201;72;Province0566;x
567;186;209;47;Province0567;x
568;83;169;72;Province0568;x
569;121;4;6;Province0569;x
570;115;162;53;Province0570;x
571;162;138;15;Province0571;x
572;94;46;20;Province0572;x
573;165;216;66;Province0573;x
574;213;246;36;Province0574;x
575;189;53;72;Province0575;x
576;183;41;12;Province0576;x
577;199;73;47;Province0577;x
578;201;214;34;Province0578;x
579;161;149;12;Province0579;x
580;81;180;12;Province0580;x
581;221;105;74;Province0581;x
582;93;251;94;Province0582;x
583;232;148;2;Province0583;x
584;71;11;43;Province0584;x
585;83;185;93;Province0585;x
586;147;146;109;Province0586;x
587;219;165;116;Province0587;x
588;122;61;113;Province0588;x
589;136;158;3;Province0589;x
590;249;251;118;Province0590;x
591;170;100;66;Province0591;x
592;188;25;89;Province0592;x
593;234;243;67;Province0593;x
594;82;235;117;Province0594;x
595;96;147;93;Province0595;x
596;106;186;79;Province0596;x
597;167;94;1;Province0597;x
598;152;172;46;Province0598;x
599;198;118;82;Province0599;x
600;126;19;66;Province0600;x
601;69;179;108;Province0601;x
602;185;200;42;Province0602;x
603;176;143;123;Province0603;x
604;100;23;53;Province0604;x
605;182;143;68;Province0605;x
606;144;196;109;Province0606;x
607;133;67;97;Province0607;x
608;193;15;97;Province0608;x
609;83;137;65;Province0609;x
610;110;54;124;Province0610;x
611;203;153;126;Province0611;x
612;239;47;83;Province0612;x
613;249;244;67;Province0613;x
614;132;67;31;Province0614;x
615;186;137;14;Province0615;x
616;202;159;60;Province0616;x
617;185;36;102;Province0617;x
618;131;83;121;Province0618;x
619;109;171;110;Province0619;x
620;137;228;2;Province0620;x
621;163;62;24;Province0621;x
622;142;148;84;Province0622;x
623;116;248;35;Province0623;x
624;75;227;41;Province0624;x
625;165;141;82;Province0625;x
626;91;24;90;Province0626;x
627;238;117;84;Province0627;x
628;127;147;110;Province0628;x
629;202;220;54;Province0629;x
630;192;25;46;Province0630;x
631;247;16;12;Province0631;x
632;217;11;76;Province0632;x
633;236;11;122;Province0633;x
634;146;131;30;Province0634;x
635;241;236;39;Province0635;x
636;205;140;40;Province0636;x
637;117;98;25;Province0637;x
638;236;175;8;Province0638;x
639;186;117;105;Province0639;x
640;201;254;55;Province0640;x
641;167;115;52;Province0641;x
642;247;253;69;Province0642;x
643;197;22;28;Province0643;x
644;237;112;3;Province0644;x
645;85;90;24;Province0645;x
646;208;45;48;Province0646;x
647;172;102;126;Province0647;x
648;161;50;13;Province0648;x
649;236;38;102;Province0649;x
650;156;242;103;Province0650;x
651;254;199;2;Province0651;x
652;78;130;79;Province0652;x
653;159;249;15;Province0653;x
654;80;243;102;Province0654;x
655;212;2;49;Province0655;x
656;71;210;86;Province0656;x
657;128;10;98;Province0657;x
658;100;249;34;Province0658;x
659;134;79;125;Province0659;x
660;191;86;25;Province0660;x
661;117;19;69;Province0661;x
662;244;13;32;Province0662;x
663;103;153;13;Province0663;x
664;241;208;63;Province0664;x
665;230;47;84;Province0665;x
666;111;16;59;Province0666;x
667;80;48;51;Province0667;x
668;163;98;48;Province0668;x
669;159;29;8;Province0669;x
670;99;113;39;Province0670;x
671;225;58;66;Province0671;x
672;235;129;11;Province0672;x
673;226;249;81;Province0673;x
674;178;171;58;Province0674;x
675;68;108;76;Province0675;x
676;233;106;106;Province0676;x
677;68;78;19;Province0677;x
678;75;113;53;Province0678;x
679;129;36;83;Province0679;x
680;209;201;61;Province0680;x
681;105;251;50;Province0681;x
682;125;192;36;Province0682;x
683;132;21;53;Province0683;x
684;229;196;36;Province0684;x
685;240;13;27;Province0685;x
686;63;100;104;Province0686;x
687;101;233;45;Province0687;x
688;251;32;30;Province0688;x
689;115;222;17;Province0689;x
690;89;246;71;Province0690;x
691;232;2;73;Province0691;x
692;181;233;40;Province0692;x
693;183;54;50;Province0693;x
694;153;6;11;Province0694;x
695;130;84;17;Province0695;x
696;71;199;62;Province0696;x
697;72;247;72;Province0697;x
698;219;152;21;Province0698;x
699;125;245;2;Province0699;x
700;178;215;77;Province0700;x
701;100;2;38;Province0701;x
702;217;48;33;Province0702;x
703;210;93;88;Province0703;x
704;110;26;97;Province0704;x
705;226;126;15;Province0705;x
706;192;23;37;Province0706;x
707;68;149;23;Province0707;x
708;167;52;47;Province0708;x
709;111;135;103;Province0709;x
710;87;228;23;Province0710;x
711;150;217;56;Province0711;x
712;172;192;76;Province0712;x
713;159;110;85;Province0713;x
714;141;24;50;Province0714;x
715;221;241;116;Province0715;x
716;64;56;12;Province0716;x
717;115;37;48;Province0717;x
718;252;189;63;Province0718;x
719;235;146;70;Province0719;x
720;202;52;123;Province0720;x
721;117;143;55;Province0721;x
722;221;114;93;Province0722;x
723;64;132;45;Province0723;x
724;194;210;115;Province0724;x
725;147;68;86;Province0725;x
726;101;70;36;Province0726;x
727;235;0;42;Province0727;x
728;170;221;28;Province0728;x
729;192;53;104;Province0729;x
730;133;131;79;Province0730;x
731;189;233;126;Province0731;x
732;223;138;14;Province0732;x
733;101;81;66;Province0733;x
734;65;210;59;Province0734;x
735;111;213;118;Province0735;x
736;137;182;122;Province0736;x
737;138;162;54;Province0737;x
738;145;205;73;Province0738;x
739;222;182;121;Province0739;x
740;150;5;99;Province0740;x
741;91;213;24;Province0741;x
742;198;215;35;Province0742;x
743;232;17;95;Province0743;x
744;66;66;7;Province0744;x
745;131;48;58;Province0745;x
746;231;200;108;Province0746;x
747;119;39;110;Province0747;x
748;85;84;49;Province0748;x
749;67;5;113;Province0749;x
750;83;214;78;Province0750;x
751;97;71;1;Province0751;x
752;143;51;103;Province0752;x
753;146;157;30;Province0753;x
754;103;72;27;Province0754;x
755;218;155;12;Province0755;x
756;173;75;117;Province0756;x
757;224;52;98;Province0757;x
758;196;84;125;Province0758;x
759;213;89;45;Province0759;x
760;131;47;105;Province0760;x
761;119;40;75;Province0761;x
762;134;244;112;Province0762;x
763;108;11;25;Province0763;x
764;167;155;119;Province0764;x
765;152;14;91;Province0765;x
766;117;139;29;Province0766;x
767;77;203;60;Province0767;x
768;159;106;32;Province0768;x
769;178;84;40;Province0769;x
770;80;169;120;Province0770;x
771;219;239;98;Province0771;x
772;121;113;56;Province0772;x
773;97;119;5;Province0773;x
774;150;184;64;Province0774;x
775;71;100;2;Province0775;x
776;199;19;41;Province0776;x
777;133;129;123;Province0777;x
778;108;190;94;Province0778;x
779;164;74;19;Province0779;x
780;247;194;86;Province0780;x
781;251;113;72;Province0781;x
782;93;52;4;Province0782;x
783;120;225;55;Province0783;x
784;174;215;56;Province0784;x
785;114;183;88;Province0785;x
786;190;134;123;Province0786;x
787;135;201;68;Province0787;x
788;172;159;13;Province0788;x
789;209;114;111;Province0789;x
790;115;188;72;Province0790;x
791;145;208;60;Province0791;x
792;152;236;28;Province0792;x
793;100;70;107;Province0793;x
794;141;155;71;Province0794;x
795;231;46;74;Province0795;x
796;149;37;21;Province0796;x
797;169;7;77;Province0797;x
798;251;173;92;Province0798;x
799;68;229;44;Province0799;x
800;167;91;25;Province0800;x
801;132;31;69;Province0801;x
802;125;172;70;Province0802;x
803;104;114;69;Province0803;x
804;137;230;88;Province0804;x
805;146;179;19;Province0805;x
806;102;241;68;Province0806;x
807;244;90;119;Province0807;x
808;170;151;21;Province0808;x
809;197;12;82;Province0809;x
810;145;236;60;Province0810;x
811;231;95;51;Province0811;x
812;162;244;124;Province0812;x
813;233;85;18;Province0813;x
814;166;250;106;Province0814;x
815;194;56;69;Province0815;x
816;150;133;40;Province0816;x
817;151;40;56;Province0817;x
818;175;103;126;Province0818;x
819;175;131;80;Province0819;x
820;95;205;106;Province0820;x
821;188;147;67;Province0821;x
822;140;19;61;Province0822;x
823;71;135;118;Province0823;x
824;243;124;85;Province0824;x
825;84;52;35;Province0825;x
826;129;185;118;Province0826;x
827;241;189;77;Province0827;x
828;230;222;39;Province0828;x
829;129;28;14;Province0829;x
830;119;188;48;Province0830;x
831;120;211;103;Province0831;x
832;195;254;56;Province0832;x
833;78;182;117;Province0833;x
834;253;20;91;Province0834;x
835;72;210;88;Province0835;x
836;131;103;89;Province0836;x
837;145;171;121;Province0837;x
838;152;12;110;Province0838;x
839;179;126;121;Province0839;x
840;217;21;40;Province0840;x
841;234;1;35;Province0841;x
842;82;119;4;Province0842;x
843;103;186;69;Province0843;x
844;118;231;24;Province0844;x
845;113;38;116;Province0845;x
846;123;33;118;Province0846;x
847;146;198;69;Province0847;x
848;177;155;114;Province0848;x
849;190;131;98;Province0849;x
850;116;133;20;Province0850;x
851;85;161;22;Province0851;x
852;241;95;16;Province0852;x
853;129;78;32;Province0853;x
854;126;46;39;Province0854;x
855;90;137;66;Province0855;x
856;65;227;82;Province0856;x
857;90;8;76;Province0857;x
858;208;107;36;Province0858;x
859;128;193;107;Province0859;x
860;86;16;110;Province0860;x
861;66;197;16;Province0861;x
862;154;188;60;Province0862;x
863;77;26;124;Province0863;x
864;79;133;17;Province0864;x
865;198;202;75;Province0865;x
866;83;183;106;Province0866;x
867;108;154;105;Province0867;x
868;105;140;82;Province0868;x
869;86;117;42;Province0869;x
870;100;17;123;Province0870;x
871;208;188;118;Province0871;x
872;116;57;60;Province0872;x
873;238;121;44;Province0873;x
874;96;23;52;Province0874;x
875;88;38;67;Province0875;x
876;225;55;110;Province0876;x
877;156;144;80;Province0877;x
878;161;220;88;Province0878;x
879;72;156;120;Province0879;x
880;199;13;22;Province0880;x
881;189;148;9;Province0881;x
882;68;88;21;Province0882;x
883;202;19;73;Province0883;x
884;181;135;117;Province0884;x
885;110;174;71;Province0885;x
886;249;174;5;Province0886;x
887;136;73;56;Province0887;x
888;160;105;109;Province0888;x
889;249;196;1;Province0889;x
890;175;51;65;Province0890;x
891;253;31;110;Province0891;x
892;109;187;26;Province0892;x
893;112;216;71;Province0893;x
894;112;194;2;Province0894;x
895;143;27;95;Province0895;x
896;209;152;71;Province0896;x
897;245;18;75;Province0897;x
898;76;157;63;Province0898;x
899;63;27;87;Province0899;x
900;175;188;16;Province0900;x
901;103;116;92;Province0901;x
902;215;40;97;Province0902;x
903;205;250;22;Province0903;x
904;245;219;59;Province0904;x
905;159;20;88;Province0905;x
906;178;196;43;Province0906;x
907;147;66;43;Province0907;x
908;188;101;28;Province0908;x
909;98;87;85;Province0909;x
910;205;87;7;Province0910;x
911;144;128;74;Province0911;x
912;205;54;54;Province0912;x
913;204;145;62;Province0913;x
914;156;235;110;Province0914;x
915;210;208;122;Province0915;x
916;168;128;83;Province0916;x
917;204;143;19;Province0917;x
918;70;189;85;Province0918;x
919;177;89;51;Province0919;x
920;156;122;77;Province0920;x
921;115;29;115;Province0921;x
922;76;188;117;Province0922;x
923;116;25;48;Province0923;x
924;231;10;84;Province0924;x
925;207;147;72;Province0925;x
926;168;200;112;Province0926;x
927;133;96;124;Province0927;x
928;235;74;0;Province0928;x
929;221;152;83;Province0929;x
930;95;212;120;Province0930;x
931;162;130;42;Province0931;x
932;89;169;107;Province0932;x
933;189;232;55;Province0933;x
934;137;122;35;Province0934;x
935;198;246;79;Province0935;x
936;196;7;88;Province0936;x
937;199;210;37;Province0937;x
938;145;165;31;Province0938;x
939;223;41;30;Province0939;x
940;83;111;40;Province0940;x
941;211;129;46;Province0941;x
942;249;156;86;Province0942;x
943;77;101;115;Province0943;x
944;100;234;30;Province0944;x
945;121;133;108;Province0945;x
946;108;219;98;Province0946;x
947;247;17;55;Province0947;x
948;107;39;3;Province0948;x
949;218;82;42;Province0949;x
950;146;12;126;Province0950;x
951;79;103;122;Province0951;x
952;89;205;44;Province0952;x
953;147;108;115;Province0953;x
954;235;236;45;Province0954;x
955;242;25;74;Province0955;x
956;159;248;114;Province0956;x
957;231;221;14;Province0957;x
958;142;183;21;Province0958;x
959;120;43;109;Province0959;x
960;111;74;114;Province0960;x
961;131;84;33;Province0961;x
962;114;145;85;Province0962;x
963;217;42;74;Province0963;x
964;141;19;66;Province0964;x
965;157;205;28;Province0965;x
966;123;82;71;Province0966;x
967;254;93;45;Province0967;x
968;125;58;111;Province0968;x
969;204;62;57;Province0969;x
970;83;47;59;Province0970;x
971;230;81;35;Province0971;x
972;228;142;70;Province0972;x
973;129;188;91;Province0973;x
974;184;203;60;Province0974;x
975;187;10;68;Province0975;x
976;209;210;95;Province0976;x
977;211;254;108;Province0977;x
978;195;132;108;Province0978;x
979;141;184;90;Province0979;x
980;104;214;7;Province0980;x
981;66;207;96;Province0981;x
982;232;21;80;Province0982;x
983;99;118;15;Province0983;x
984;246;203;65;Province0984;x
985;156;251;10;Province0985;x
986;185;36;66;Province0986;x
987;87;172;104;Province0987;x
988;225;70;63;Province0988;x
989;200;212;88;Province0989;x
990;107;192;100;Province0990;x
991;166;57;75;Province0991;x
992;234;90;28;Province0992;x
993;185;236;118;Province0993;x
994;223;125;43;Province0994;x
995;226;46;93;Province0995;x
996;211;187;6;Province0996;x
997;219;237;16;Province0997;x
998;237;123;115;Province0998;x
999;232;40;34;Province0999;x
1000;226;238;118;Province1000;x
1001;251;191;15;Province1001;x
1002;251;144;92;Province1002;x
1003;91;175;6;Province1003;x
1004;135;80;51;Province1004;x
1005;209;5;33;Province1005;x
1006;242;136;47;Province1006;x
1007;182;236;125;Province1007;x
1008;88;249;22;Province1008;x
1009;198;3;61;Province1009;x
1010;93;135;66;Province1010;x
1011;226;12;111;Province1011;x
1012;109;138;46;Province1012;x
1013;178;150;50;Province1013;x
1014;220;159;49;Province1014;x
1015;75;91;22;Province1015;x
1016;84;49;73;Province1016;x
1017;114;124;52;Province1017;x
1018;137;203;72;Province1018;x
1019;211;202;55;Province1019;x
1020;169;159;105;Province1020;x
1021;108;141;50;Province1021;x
1022;96;230;53;Province1022;x
1023;108;208;39;Province1023;x
1024;90;7;16;Province1024;x
1025;67;203;98;Province1025;x
1026;87;88;122;Province1026;x
1027;71;60;55;Province1027;x
1028;190;168;116;Province1028;x
1029;84;54;71;Province1029;x
1030;155;229;33;Province1030;x
1031;147;52;8;Province1031;x
1032;67;93;29;Province1032;x
1033;131;63;66;Province1033;x
1034;89;93;102;Province1034;x
1035;215;30;86;Province1035;x
1036;203;219;51;Province1036;x
1037;250;138;24;Province1037;x
1038;146;169;36;Province1038;x
1039;127;114;97;Province1039;x
1040;77;167;72;Province1040;x
1041;93;55;86;Province1041;x
1042;107;121;121;Province1042;x
1043;103;169;60;Province1043;x
1044;174;51;92;Province1044;x
1045;238;92;87;Province1045;x
1046;162;122;100;Province1046;x
1047;206;119;102;Province1047;x
1048;87;242;51;Province1048;x
1049;237;200;72;Province1049;x
1050;200;29;118;Province1050;x
1051;89;84;115;Province1051;x
1052;90;11;17;Province1052;x
1053;214;30;18;Province1053;x
1054;234;210;67;Province1054;x
1055;152;15;25;Province1055;x
1056;221;149;102;Province1056;x
1057;194;112;37;Province1057;x
1058;196;205;32;Province1058;x
1059;213;169;122;Province1059;x
1060;80;159;110;Province1060;x
1061;210;83;82;Province1061;x
1062;183;131;115;Province1062;x
1063;204;36;63;Province1063;x
1064;82;130;0;Province1064;x
1065;228;7;126;Province1065;x
1066;142;116;73;Province1066;x
1067;94;246;13;Province1067;x
1068;191;130;46;Province1068;x
1069;189;219;99;Province1069;x
1070;227;47;44;Province1070;x
1071;101;80;80;Province1071;x
1072;218;113;103;Province1072;x
1073;127;84;35;Province1073;x
1074;130;225;73;Province1074;x
1075;128;176;106;Province1075;x
1076;192;90;107;Province1076;x
1077;77;183;7;Province1077;x
1078;157;131;109;Province1078;x
1079;150;176;55;Province1079;x
1080;209;102;100;Province1080;x
1081;157;225;110;Province1081;x
1082;218;39;55;Province1082;x
1083;185;216;30;Province1083;x
1084;94;150;115;Province1084;x
1085;218;229;28;Province1085;x
1086;152;228;102;Province1086;x
1087;177;109;121;Province1087;x
1088;195;65;83;Province1088;x
1089;127;247;58;Province1089;x
1090;85;142;38;Province1090;x
1091;136;196;74;Province1091;x
1092;139;228;107;Province1092;x
1093;229;130;97;Province1093;x
1094;194;108;52;Province1094;x
1095;114;113;103;Province1095;x
1096;233;98;10;Province1096;x
1097;141;223;19;Province1097;x
1098;197;45;19;Province1098;x
1099;212;0;70;Province1099;x
1100;239;138;108;Province1100;x
1101;66;73;3;Province1101;x
1102;98;109;57;Province1102;x
1103;97;56;14;Province1103;x
1104;172;143;115;Province1104;x
1105;151;209;22;Province1105;x
1106;198;111;112;Province1106;x
1107;73;65;79;Province1107;x
1108;252;250;54;Province1108;x
1109;232;20;72;Province1109;x
1110;85;227;29;Province1110;x
1111;87;173;103;Province1111;x
1112;96;160;39;Province1112;x
1113;64;45;68;Province1113;x
1114;235;30;79;Province1114;x
1115;247;155;73;Province1115;x
1116;190;68;62;Province1116;x
1117;219;16;4;Province1117;x
1118;177;130;97;Province1118;x
1119;233;144;52;Province1119;x
1120;93;166;82;Province1120;x
1121;108;239;119;Province1121;x
1122;246;166;63;Province1122;x
1123;104;101;37;Province1123;x
1124;105;50;15;Province1124;x
1125;102;173;54;Province1125;x
1126;165;60;99;Province1126;x
1127;180;207;60;Province1127;x
1128;254;143;102;Province1128;x
1129;228;111;25;Province1129;x
1130;155;182;48;Province1130;x
1131;168;134;39;Province1131;x
1132;206;60;119;Province1132;x
1133;240;140;64;Province1133;x
1134;247;127;121;Province1134;x
1135;169;195;42;Province1135;x
1136;147;115;57;Province1136;x
1137;235;213;94;Province1137;x
1138;122;116;54;Province1138;x
1139;137;35;82;Province1139;x
1140;93;159;55;Province1140;x
1141;247;236;117;Province1141;x
1142;163;147;52;Province1142;x
1143;105;81;111;Province1143;x
1144;123;33;50;Province1144;x
1145;165;247;19;Province1145;x
1146;238;221;42;Province1146;x
1147;131;206;11;Province1147;x
1148;224;54;115;Province1148;x
1149;178;94;18;Province1149;x
1150;75;170;77;Province1150;x
1151;134;81;58;Province1151;x
1152;115;129;122;Province1152;x
1153;150;100;92;Province1153;x
1154;63;27;81;Province1154;x
1155;84;193;96;Province1155;x
1156;209;248;94;Province1156;x
1157;177;188;39;Province1157;x
1158;174;179;118;Province1158;x
1159;137;192;20;Province1159;x
1160;135;236;32;Province1160;x
1161;132;213;69;Province1161;x
1162;181;203;71;Province1162;x
1163;106;197;88;Province1163;x
1164;211;48;18;Province1164;x
1165;106;175;72;Province1165;x
1166;230;250;86;Province1166;x
1167;233;157;125;Province1167;x
1168;153;156;56;Province1168;x
1169;166;102;67;Province1169;x
1170;130;156;15;Province1170;x
1171;86;192;120;Province1171;x
1172;125;190;82;Province1172;x
1173;100;62;81;Province1173;x
1174;200;22;47;Province1174;x
1175;213;118;106;Province1175;x
1176;174;177;78;Province1176;x
1177;192;48;57;Province1177;x
1178;143;180;70;Province1178;x
1179;110;30;11;Province1179;x
1180;250;29;0;Province1180;x
1181;204;44;68;Province1181;x
1182;144;195;44;Province1182;x
1183;248;7;26;Province1183;x
1184;236;152;113;Province1184;x
1185;132;47;115;Province1185;x
1186;208;189;47;Province1186;x
1187;253;132;58;Province1187;x
1188;116;221;23;Province1188;x
1189;139;47;80;Province1189;x
1190;71;157;40;Province1190;x
1191;136;115;121;Province1191;x
1192;83;182;84;Province1192;x
1193;238;142;89;Province1193;x
1194;142;146;51;Province1194;x
1195;83;137;46;Province1195;x
1196;63;217;89;Province1196;x
1197;135;51;89;Province1197;x
1198;173;219;24;Province1198;x
1199;116;236;86;Province1199;x
1200;252;171;30;Province1200;x
1201;144;211;19;Province1201;x
1202;221;230;93;Province1202;x
1203;168;85;10;Province1203;x
1204;215;90;59;Province1204;x
1205;132;65;67;Province1205;x
1206;252;129;41;Province1206;x
1207;203;230;67;Province1207;x
1208;202;144;38;Province1208;x
1209;114;103;29;Province1209;x
1210;210;110;64;Province1210;x
1211;71;108;53;Province1211;x
1212;186;227;96;Province1212;x
1213;113;186;14;Province1213;x
1214;245;172;26;Province1214;x
1215;218;21;48;Province1215;x
1216;107;250;121;Province1216;x
1217;137;130;87;Province1217;x
1218;93;74;103;Province1218;x
1219;211;24;23;Province1219;x
1220;220;116;33;Province1220;x
1221;119;243;90;Province1221;x
1222;148;232;118;Province1222;x
1223;67;221;106;Province1223;x
1224;138;195;19;Province1224;x
1225;95;144;47;Province1225;x
1226;233;204;28;Province1226;x
1227;251;15;98;Province1227;x
1228;95;84;3;Province1228;x
1229;113;118;23;Province1229;x
1230;208;183;30;Province1230;x
1231;222;3;56;Province1231;x
1232;100;184;109;Province1232;x
1233;184;105;63;Province1233;x
1234;130;224;90;Province1234;x
1235;156;97;92;Province1235;x
1236;230;213;118;Province1236;x
1237;73;95;46;Province1237;x
1238;166;183;102;Province1238;x
1239;140;154;126;Province1239;x
1240;253;204;44;Province1240;x
1241;121;13;86;Province1241;x
1242;164;154;125;Province1242;x
1243;108;219;11;Province1243;x
1244;86;154;120;Province1244;x
1245;194;176;61;Province1245;x
1246;223;14;22;Province1246;x
1247;237;177;125;Province1247;x
1248;149;110;38;Province1248;x
1249;69;191;93;Province1249;x
1250;170;186;58;Province1250;x
1251;158;64;88;Province1251;x
1252;109;59;40;Province1252;x
1253;125;126;101;Province1253;x
1254;135;13;55;Province1254;x
1255;67;23;49;Province1255;x
1256;230;8;82;Province1256;x
1257;161;168;101;Province1257;x
1258;122;57;55;Province1258;x
1259;134;40;117;Province1259;x
1260;113;114;55;Province1260;x
1261;120;92;122;Province1261;x
1262;156;49;69;Province1262;x
1263;140;62;62;Province1263;x
1264;64;228;61;Province1264;x
1265;138;94;18;Province1265;x
1266;124;25;21;Province1266;x
1267;170;95;59;Province1267;x
1268;63;28;3;Province1268;x
1269;224;107;113;Province1269;x
1270;131;237;122;Province1270;x
1271;132;47;46;Province1271;x
1272;165;244;35;Province1272;x
1273;90;243;98;Province1273;x
1274;88;19;120;Province1274;x
1275;199;8;15;Province1275;x
1276;76;166;119;Province1276;x
1277;95;229;126;Province1277;x
1278;185;236;119;Province1278;x
1279;250;241;29;Province1279;x
1280;202;41;39;Province1280;x
1281;82;125;89;Province1281;x
1282;246;226;46;Province1282;x
1283;206;232;84;Province1283;x
1284;143;219;78;Province1284;x
1285;98;29;20;Province1285;x
1286;161;170;77;Province1286;x
1287;121;241;101;Province1287;x
1288;86;97;14;Province1288;x
1289;134;27;51;Province1289;x
1290;65;67;31;Province1290;x
1291;242;160;51;Province1291;x
1292;131;8;16;Province1292;x
1293;213;52;106;Province1293;x
1294;205;161;99;Province1294;x
1295;176;61;37;Province1295;x
1296;93;53;26;Province1296;x
1297;152;0;2;Province1297;x
1298;101;222;20;Province1298;x
1299;197;178;111;Province1299;x
1300;88;243;27;Province1300;x
1301;190;22;125;Province1301;x
1302;133;106;17;Province1302;x
1303;150;162;116;Province1303;x
1304;73;243;73;Province1304;x
1305;240;12;11;Province1305;x
1306;220;203;45;Province1306;x
1307;129;146;90;Province1307;x
1308;155;47;104;Province1308;x
1309;71;106;122;Province1309;x
1310;253;121;124;Province1310;x
1311;168;22;85;Province1311;x
1312;145;191;68;Province1312;x
1313;106;220;3;Province1313;x
1314;150;74;63;Province1314;x
1315;112;56;111;Province1315;x
1316;211;163;3;Province1316;x
1317;205;145;52;Province1317;x
1318;230;109;4;Province1318;x
1319;102;216;3;Province1319;x
1320;149;148;120;Province1320;x
1321;211;129;82;Province1321;x
1322;144;229;81;Province1322;x
1323;105;221;79;Province1323;x
1324;189;119;55;Province1324;x
1325;159;222;100;Province1325;x
1326;117;18;106;Province1326;x
1327;249;69;108;Province1327;x
1328;161;160;5;Province1328;x
1329;213;36;44;Province1329;x
1330;100;55;30;Province1330;x
1331;242;218;101;Province1331;x
1332;128;160;32;Province1332;x
1333;162;165;18;Province1333;x
1334;218;131;81;Province1334;x
1335;80;82;56;Province1335;x
1336;199;58;34;Province1336;x
1337;115;96;93;Province1337;x
1338;212;212;31;Province1338;x
1339;224;221;75;Province1339;x
1340;227;196;97;Province1340;x
1341;159;202;29;Province1341;x
1342;164;30;118;Province1342;x
1343;131;21;78;Province1343;x
1344;172;97;101;Province1344;x
1345;178;22;126;Province1345;x
1346;71;65;53;Province1346;x
1347;224;231;85;Province1347;x
1348;63;67;119;Province1348;x
1349;221;228;12;Province1349;x
1350;124;42;3;Province1350;x
1351;228;230;42;Province1351;x
1352;235;149;93;Province1352;x
1353;98;235;16;Province1353;x
1354;132;216;70;Province1354;x
1355;177;194;37;Province1355;x
1356;218;126;34;Province1356;x
1357;168;53;87;Province1357;x
1358;195;102;33;Province1358;x
1359;174;238;27;Province1359;x
1360;191;104;27;Province1360;x
1361;123;215;101;Province1361;x
1362;71;20;27;Province1362;x
1363;138;234;124;Province1363;x
1364;195;190;25;Province1364;x
1365;127;237;20;Province1365;x
1366;230;227;105;Province1366;x
1367;220;47;106;Province1367;x
1368;113;32;92;Province1368;x
1369;109;89;79;Province1369;x
1370;174;165;12;Province1370;x
1371;213;22;85;Province1371;x
1372;183;85;79;Province1372;x
1373;173;149;114;Province1373;x
1374;85;210;30;Province1374;x
1375;242;98;102;Province1375;x
1376;167;72;73;Province1376;x
1377;63;67;4;Province1377;x
1378;163;60;24;Province1378;x
1379;160;205;77;Province1379;x
1380;77;203;52;Province1380;x
1381;115;129;64;Province1381;x
1382;129;63;104;Province1382;x
1383;238;69;124;Province1383;x
1384;168;11;23;Province1384;x
1385;168;58;118;Province1385;x
1386;170;245;50;Province1386;x
1387;151;209;27;Province1387;x
1388;152;68;112;Province1388;x
1389;150;175;19;Province1389;x
1390;197;207;8;Province1390;x
1391;188;15;35;Province1391;x
1392;215;173;79;Province1392;x
1393;100;75;118;Province1393;x
1394;96;209;23;Province1394;x
1395;174;54;101;Province1395;x
1396;134;97;93;Province1396;x
1397;95;132;12;Province1397;x
1398;176;9;54;Province1398;x
1399;81;62;120;Province1399;x
1400;155;141;96;Province1400;x
1401;159;59;121;Province1401;x
1402;224;166;50;Province1402;x
1403;254;111;113;Province1403;x
1404;226;84;101;Province1404;x
1405;133;39;48;Province1405;x
1406;113;175;122;Province1406;x
1407;153;253;37;Province1407;x
1408;76;112;82;Province1408;x
1409;68;119;33;Province1409;x
1410;209;108;63;Province1410;x
1411;233;183;56;Province1411;x
1412;156;230;78;Province1412;x
1413;101;135;99;Province1413;x
1414;73;56;0;Province1414;x
1415;141;193;22;Province1415;x
1416;67;21;34;Province1416;x
1417;181;193;35;Province1417;x
1418;157;229;90;Province1418;x
1419;198;145;34;Province1419;x
1420;75;163;104;Province1420;x
1421;159;79;87;Province1421;x
1422;212;124;87;Province1422;x
1423;182;224;102;Province1423;x
1424;201;67;82;Province1424;x
1425;86;2;110;Province1425;x
1426;66;236;99;Province1426;x
1427;231;70;53;Province1427;x
1428;71;108;85;Province1428;x
1429;174;59;65;Province1429;x
1430;246;5;7;Province1430;x
1431;131;79;87;Province1431;x
1432;215;216;116;Province1432;x
1433;213;224;119;Province1433;x
1434;89;246;62;Province1434;x
1435;85;169;47;Province1435;x
1436;89;41;36;Province1436;x
1437;160;173;83;Province1437;x
1438;225;182;123;Province1438;x
1439;242;187;82;Province1439;x
1440;143;137;126;Province1440;x
1441;180;6;37;Province1441;x
1442;95;150;11;Province1442;x
1443;221;121;38;Province1443;x
1444;203;91;61;Province1444;x
1445;165;102;29;Province1445;x
1446;148;175;23;Province1446;x
1447;63;173;44;Province1447;x
1448;116;77;98;Province1448;x
1449;160;38;46;Province1449;x
1450;136;3;20;Province1450;x
1451;141;45;85;Province1451;x
1452;242;186;22;Province1452;x
1453;129;190;14;Province1453;x
1454;245;138;31;Province1454;x
1455;127;117;94;Province1455;x
1456;115;196;18;Province1456;x
1457;244;69;29;Province1457;x
1458;187;249;95;Province1458;x
1459;130;14;4;Province1459;x
1460;156;51;100;Province1460;x
1461;122;210;110;Province1461;x
1462;128;126;6;Province1462;x
1463;125;251;44;Province1463;x
1464;100;244;13;Province1464;x
1465;167;191;98;Province1465;x
1466;96;122;85;Province1466;x
1467;142;212;100;Province1467;x
1468;224;217;15;Province1468;x
1469;232;108;97;Province1469;x
1470;71;237;33;Province1470;x
1471;146;209;39;Province1471;x
1472;231;47;113;Province1472;x
1473;210;19;32;Province1473;x
1474;145;47;48;Province1474;x
1475;127;63;12;Province1475;x
1476;77;191;79;Province1476;x
1477;217;175;117;Province1477;x
1478;235;105;120;Province1478;x
1479;130;247;72;Province1479;x
1480;183;20;115;Province1480;x
1481;163;123;62;Province1481;x
1482;163;137;95;Province1482;x
1483;218;90;56;Province1483;x
1484;169;181;5;Province1484;x
1485;227;191;21;Province1485;x
1486;227;57;4;Province1486;x
1487;170;87;89;Province1487;x
1488;229;233;85;Province1488;x
1489;175;202;33;Province1489;x
1490;177;225;87;Province1490;x
1491;202;91;60;Province1491;x
1492;149;84;107;Province1492;x
1493;100;242;34;Province1493;x
1494;81;242;66;Province1494;x
1495;163;221;27;Province1495;x
1496;134;203;42;Province1496;x
1497;246;34;117;Province1497;x
1498;100;29;66;Province1498;x
1499;233;82;125;Province1499;x
1500;153;250;117;Province1500;x
1501;180;73;79;Province1501;x
1502;167;168;77;Province1502;x
1503;221;157;35;Province1503;x
1504;148;91;44;Province1504;x
1505;176;102;19;Province1505;x
1506;154;174;52;Province1506;x
1507;195;37;33;Province1507;x
1508;165;130;66;Province1508;x
1509;99;47;63;Province1509;x
1510;248;184;2;Province1510;x
1511;220;131;38;Province1511;x
1512;254;11;37;Province1512;x
1513;106;163;49;Province1513;x
1514;213;248;34;Province1514;x
1515;158;120;28;Province1515;x
1516;92;219;35;Province1516;x
1517;101;202;54;Province1517;x
1518;80;85;32;Province1518;x
1519;198;125;103;Province1519;x
1520;130;29;9;Province1520;x
1521;90;171;41;Province1521;x
1522;64;85;10;Province1522;x
1523;193;135;1;Province1523;x
1524;212;216;109;Province1524;x
1525;122;99;54;Province1525;x
1526;151;51;85;Province1526;x
1527;86;12;54;Province1527;x
1528;90;233;112;Province1528;x
1529;70;168;72;Province1529;x
1530;191;94;61;Province1530;x
1531;175;25;111;Province1531;x
1532;141;218;96;Province1532;x
1533;112;142;1;Province1533;x
1534;253;26;52;Province1534;x
1535;174;180;3;Province1535;x
1536;221;28;88;Province1536;x
1537;161;117;46;Province1537;x
1538;201;48;119;Province1538;x
1539;226;3;85;Province1539;x
1540;87;30;115;Province1540;x
1541;209;68;33;Province1541;x
1542;131;33;88;Province1542;x
1543;135;202;47;Province1543;x
1544;158;224;19;Province1544;x
1545;205;237;110;Province1545;x
1546;147;194;4;Province1546;x
1547;231;244;29;Province1547;x
1548;154;219;55;Province1548;x
1549;104;253;55;Province1549;x
1550;209;236;6;Province1550;x
1551;222;109;86;Province1551;x
1552;76;76;21;Province1552;x
1553;113;142;66;Province1553;x
1554;242;140;75;Province1554;x
1555;132;112;50;Province1555;x
1556;213;141;90;Province1556;x
1557;135;127;105;Province1557;x
1558;195;44;43;Province1558;x
1559;245;211;5;Province1559;x
1560;78;98;70;Province1560;x
1561;92;8;46;Province1561;x
1562;97;25;90;Province1562;x
1563;99;54;68;Province1563;x
1564;216;237;31;Province1564;x
1565;123;242;106;Province1565;x
1566;193;40;105;Province1566;x
1567;233;44;83;Province1567;x
1568;181;135;63;Province1568;x
1569;221;177;56;Province1569;x
1570;166;68;113;Province1570;x
1571;79;133;103;Province1571;x
1572;131;152;56;Province1572;x
1573;77;117;65;Province1573;x
1574;105;53;71;Province1574;x
1575;214;174;22;Province1575;x
1576;92;85;97;Province1576;x
1577;123;244;85;Province1577;x
1578;100;46;104;Province1578;x
1579;229;237;66;Province1579;x
1580;231;92;7;Province1580;x
1581;248;60;14;Province1581;x
1582;127;65;87;Province1582;x
1583;226;172;93;Province1583;x
1584;109;4;100;Province1584;x
1585;215;22;81;Province1585;x
1586;63;56;71;Province1586;x
1587;92;165;29;Province1587;x
1588;227;161;108;Province1588;x
1589;149;237;30;Province1589;x
1590;147;221;101;Province1590;x
1591;218;181;53;Province1591;x
1592;144;240;33;Province1592;x
1593;188;9;52;Province1593;x
1594;182;142;21;Province1594;x
1595;226;146;81;Province1595;x
1596;209;123;119;Province1596;x
1597;236;224;85;Province1597;x
1598;158;122;19;Province1598;x
1599;69;36;37;Province1599;x
1600;214;242;89;Province1600;x
1601;139;29;27;Province1601;x
1602;254;12;125;Province1602;x
1603;234;123;35;Province1603;x
1604;251;64;84;Province1604;x
1605;234;72;18;Province1605;x
1606;183;182;45;Province1606;x
1607;70;156;21;Province1607;x
1608;245;122;20;Province1608;x
1609;91;188;73;Province1609;x
1610;154;133;13;Province1610;x
1611;230;21;64;Province1611;x
1612;179;192;10;Province1612;x
1613;185;152;48;Province1613;x
1614;195;245;14;Province1614;x
1615;76;105;91;Province1615;x
1616;161;188;8;Province1616;x
1617;186;147;43;Province1617;x
1618;103;192;102;Province1618;x
1619;193;219;62;Province1619;x
1620;130;129;50;Province1620;x
1621;215;154;45;Province1621;x
1622;141;164;107;Province1622;x
1623;68;161;99;Province1623;x
1624;108;96;111;Province1624;x
1625;227;197;64;Province1625;x
1626;176;170;121;Province1626;x
1627;115;240;3;Province1627;x
1628;222;139;111;Province1628;x
1629;212;253;66;Province1629;x
1630;89;203;50;Province1630;x
1631;254;144;96;Province1631;x
1632;136;98;124;Province1632;x
1633;196;19;1;Province1633;x
1634;220;147;81;Province1634;x
1635;84;109;48;Province1635;x
1636;251;170;12;Province1636;x
1637;115;89;54;Province1637;x
1638;133;247;30;Province1638;x
1639;63;226;71;Province1639;x
1640;84;60;7;Province1640;x
1641;150;21;97;Province1641;x
1642;249;124;64;Province1642;x
1643;249;209;87;Province1643;x
1644;135;63;80;Province1644;x
1645;178;250;8;Province1645;x
1646;147;129;85;Province1646;x
1647;229;99;65;Province1647;x
1648;221;118;115;Province1648;x
1649;236;241;68;Province1649;x
1650;78;186;80;Province1650;x
1651;82;160;45;Province1651;x
1652;196;248;54;Province1652;x
1653;73;231;104;Province1653;x
1654;102;179;9;Province1654;x
1655;113;106;11;Province1655;x
1656;213;47;35;Province1656;x
1657;100;39;79;Province1657;x
1658;76;145;113;Province1658;x
1659;67;55;76;Province1659;x
1660;177;18;62;Province1660;x
1661;161;237;105;Province1661;x
1662;167;123;28;Province1662;x
1663;124;73;60;Province1663;x
1664;158;67;50;Province1664;x
1665;71;88;35;Province1665;x
1666;186;104;15;Province1666;x
1667;127;108;21;Province1667;x
1668;220;235;93;Province1668;x
1669;220;176;18;Province1669;x
1670;240;128;19;Province1670;x
1671;133;77;42;Province1671;x
1672;184;37;9;Province1672;x
1673;213;51;56;Province1673;x
1674;146;214;65;Province1674;x
1675;134;166;85;Province1675;x
1676;96;38;123;Province1676;x
1677;209;8;5;Province1677;x
1678;162;221;11;Province1678;x
1679;200;25;17;Province1679;x
1680;154;136;95;Province1680;x
1681;111;227;17;Province1681;x
1682;250;163;15;Province1682;x
1683;180;81;32;Province1683;x
1684;209;135;62;Province1684;x
1685;193;41;48;Province1685;x
1686;162;218;57;Province1686;x
1687;165;136;15;Province1687;x
1688;104;116;88;Province1688;x
1689;199;168;82;Province1689;x
1690;126;100;47;Province1690;x
1691;89;234;61;Province1691;x
1692;195;92;87;Province1692;x
1693;63;96;95;Province1693;x
1694;177;91;1;Province1694;x
1695;104;79;81;Province1695;x
1696;155;94;37;Province1696;x
1697;86;108;43;Province1697;x
1698;154;115;120;Province1698;x
1699;169;41;71;Province1699;x
1700;242;26;82;Province1700;x
1701;105;89;112;Province1701;x
1702;209;230;68;Province1702;x
1703;219;252;50;Province1703;x
1704;68;97;24;Province1704;x
1705;169;148;85;Province1705;x
1706;199;87;56;Province1706;x
1707;89;208;52;Province1707;x
1708;118;109;92;Province1708;x
1709;95;71;80;Province1709;x
1710;63;121;94;Province1710;x
1711;142;50;4;Province1711;x
1712;156;184;78;Province1712;x
1713;168;88;115;Province1713;x
1714;202;214;82;Province1714;x
1715;103;67;28;Province1715;x
1716;158;6;53;Province1716;x
1717;171;87;46;Province1717;x
1718;152;130;17;Province1718;x
1719;165;19;104;Province1719;x
1720;148;4;32;Province1720;x
1721;194;81;48;Province1721;x
1722;86;77;56;Province1722;x
1723;243;247;45;Province1723;x
1724;239;191;23;Province1724;x
1725;94;79;85;Province1725;x
1726;77;194;30;Province1726;x
1727;243;89;75;Province1727;x
1728;141;12;53;Province1728;x
1729;198;22;58;Province1729;x
1730;145;17;70;Province1730;x
1731;69;65;104;Province1731;x
1732;156;6;119;Province1732;x
1733;73;58;81;Province1733;x
1734;220;246;34;Province1734;x
1735;148;138;17;Province1735;x
1736;139;7;50;Province1736;x
1737;239;27;67;Province1737;x
1738;69;225;83;Province1738;x
1739;86;41;93;Province1739;x
1740;192;129;47;Province1740;x
1741;228;138;29;Province1741;x
1742;95;106;17;Province1742;x
1743;173;39;81;Province1743;x
1744;95;144;41;Province1744;x
1745;206;34;86;Province1745;x
1746;155;198;85;Province1746;x
1747;203;66;55;Province1747;x
1748;210;122;48;Province1748;x
1749;247;11;49;Province1749;x
1750;110;239;65;Province1750;x
1751;98;244;116;Province1751;x
1752;121;212;105;Province1752;x
1753;184;244;95;Province1753;x
1754;75;198;19;Province1754;x
1755;86;177;14;Province1755;x
1756;204;129;20;Province1756;x
1757;239;139;123;Province1757;x
1758;224;224;17;Province1758;x
1759;138;159;67;Province1759;x
1760;215;169;39;Province1760;x
1761;195;50;16;Province1761;x
1762;200;105;22;Province1762;x
1763;156;214;30;Province1763;x
1764;129;53;114;Province1764;x
1765;214;42;81;Province1765;x
1766;119;16;104;Province1766;x
1767;148;86;9;Province1767;x
1768;192;150;89;Province1768;x
1769;215;109;56;Province1769;x
1770;176;231;4;Province1770;x
1771;100;77;8;Province1771;x
1772;148;78;125;Province1772;x
1773;244;147;27;Province1773;x
1774;223;219;85;Province1774;x
1775;131;49;15;Province1775;x
1776;248;238;6;Province1776;x
1777;253;235;96;Province1777;x
1778;218;119;93;Province1778;x
1779;81;59;1;Province1779;x
1780;161;62;16;Province1780;x
1781;184;175;39;Province1781;x
1782;71;197;63;Province1782;x
1783;144;111;92;Province1783;x
1784;247;161;12;Province1784;x
1785;150;180;39;Province1785;x
1786;125;35;16;Province1786;x
1787;77;23;90;Province1787;x
1788;236;10;7;Province1788;x
1789;142;130;9;Province1789;x
1790;123;73;64;Province1790;x
1791;252;228;47;Province1791;x
1792;167;80;118;Province1792;x
1793;125;194;83;Province1793;x
1794;226;11;126;Province1794;x
1795;146;96;7;Province1795;x
1796;131;39;53;Province1796;x
1797;82;69;52;Province1797;x
1798;180;198;89;Province1798;x
1799;66;46;109;Province1799;x
1800;92;191;38;Province1800;x
1801;97;148;99;Province1801;x
1802;113;16;84;Province1802;x
1803;193;254;56;Province1803;x
1804;204;143;22;Province1804;x
1805;249;250;11;Province1805;x
1806;241;189;76;Province1806;x
1807;150;114;57;Province1807;x
1808;169;224;3;Province1808;x
1809;66;100;79;Province1809;x
1810;72;57;99;Province1810;x
1811;225;51;14;Province1811;x
1812;80;83;77;Province1812;x
1813;119;250;53;Province1813;x
1814;86;194;15;Province1814;x
1815;114;206;37;Province1815;x
1816;167;212;110;Province1816;x
1817;236;186;126;Province1817;x
1818;167;88;52;Province1818;x
1819;156;82;42;Province1819;x
1820;143;75;92;Province1820;x
1821;156;67;83;Province1821;x
1822;88;200;111;Province1822;x
1823;207;194;121;Province1823;x
1824;98;195;73;Province1824;x
1825;202;63;116;Province1825;x
1826;91;194;71;Province1826;x
1827;230;187;86;Province1827;x
1828;215;201;83;Province1828;x
1829;136;138;19;Province1829;x
1830;204;195;20;Province1830;x
1831;170;31;64;Province1831;x
1832;116;108;0;Province1832;x
1833;205;220;97;Province1833;x
1834;203;32;103;Province1834;x
1835;74;195;98;Province1835;x
1836;202;92;44;Province1836;x
1837;158;89;110;Province1837;x
1838;121;188;39;Province1838;x
1839;126;93;84;Province1839;x
1840;98;178;76;Province1840;x
1841;209;171;104;Province1841;x
1842;240;153;79;Province1842;x
1843;236;119;32;Province1843;x
1844;237;4;87;Province1844;x
1845;106;165;118;Province1845;x
1846;109;194;40;Province1846;x
1847;80;106;91;Province1847;x
1848;76;164;83;Province1848;x
1849;110;58;10;Province1849;x
1850;253;4;71;Province1850;x
1851;91;128;94;Province1851;x
1852;202;115;96;Province1852;x
1853;137;197;28;Province1853;x
1854;88;113;109;Province1854;x
1855;201;53;50;Province1855;x
1856;123;174;122;Province1856;x
1857;184;32;54;Province1857;x
1858;149;178;56;Province1858;x
1859;93;132;13;Province1859;x
1860;93;59;122;Province1860;x
1861;168;170;32;Province1861;x
1862;186;231;11;Province1862;x
1863;77;149;107;Province1863;x
1864;191;252;123;Province1864;x
1865;179;240;69;Province1865;x
1866;199;34;21;Province1866;x
1867;247;204;42;Province1867;x
1868;246;241;24;Province1868;x
1869;248;168;92;Province1869;x
1870;219;105;101;Province1870;x
1871;199;102;49;Province1871;x
1872;108;72;63;Province1872;x
1873;112;7;20;Province1873;x
1874;138;166;100;Province1874;x
1875;177;18;107;Province1875;x
1876;117;190;30;Province1876;x
1877;104;96;83;Province1877;x
1878;119;2;126;Province1878;x
1879;102;217;94;Province1879;x
1880;172;127;63;Province1880;x
1881;110;175;54;Province1881;x
1882;252;185;125;Province1882;x
1883;71;174;116;Province1883;x
1884;85;210;12;Province1884;x
1885;210;116;108;Province1885;x
1886;164;241;100;Province1886;x
1887;159;96;100;Province1887;x
1888;128;18;85;Province1888;x
1889;139;175;80;Province1889;x
1890;82;172;12;Province1890;x
1891;92;159;77;Province1891;x
1892;88;193;5;Province1892;x
1893;71;35;22;Province1893;x
1894;81;170;27;Province1894;x
1895;229;180;32;Province1895;x
1896;137;210;84;Province1896;x
1897;148;60;73;Province1897;x
1898;166;211;33;Province1898;x
1899;123;23;66;Province1899;x
1900;236;194;48;Province1900;x
1901;212;241;113;Province1901;x
1902;189;175;55;Province1902;x
1903;126;233;85;Province1903;x
1904;83;173;37;Province1904;x
1905;207;203;17;Province1905;x
1906;206;94;61;Province1906;x
1907;238;124;3;Province1907;x
1908;174;52;50;Province1908;x
1909;198;11;123;Province1909;x
1910;96;156;40;Province1910;x
1911;184;116;78;Province1911;x
1912;161;170;7;Province1912;x
1913;122;91;125;Province1913;x
1914;169;135;69;Province1914;x
1915;195;33;117;Province1915;x
1916;145;15;114;Province1916;x
1917;231;238;26;Province1917;x
1918;134;31;70;Province1918;x
1919;96;161;16;Province1919;x
1920;140;252;93;Province1920;x
1921;113;25;62;Province1921;x
1922;98;204;8;Province1922;x
1923;180;22;91;Province1923;x
1924;223;16;47;Province1924;x
1925;93;147;66;Province1925;x
1926;188;186;70;Province1926;x
1927;149;245;80;Province1927;x
1928;151;20;126;Province1928;x
1929;211;135;29;Province1929;x
1930;240;72;27;Province1930;x
1931;228;206;110;Province1931;x
1932;206;193;72;Province1932;x
1933;189;47;100;Province1933;x
1934;238;133;117;Province1934;x
1935;233;87;122;Province1935;x
1936;112;240;25;Province1936;x
1937;79;142;75;Province1937;x
1938;249;109;116;Province1938;x
1939;70;144;91;Province1939;x
1940;170;180;17;Province1940;x
1941;100;45;2;Province1941;x
1942;239;76;38;Province1942;x
1943;94;9;24;Province1943;x
1944;148;44;112;Province1944;x
1945;245;6;64;Province1945;x
1946;133;194;45;Province1946;x
1947;198;213;6;Province1947;x
1948;249;141;80;Province1948;x
1949;72;18;102;Province1949;x
1950;109;203;95;Province1950;x
1951;137;215;51;Province1951;x
1952;182;126;69;Province1952;x
1953;220;181;29;Province1953;x
1954;254;78;42;Province1954;x
1955;222;34;43;Province1955;x
1956;128;185;109;Province1956;x
1957;164;86;44;Province1957;x
1958;242;223;8;Province1958;x
1959;202;253;77;Province1959;x
1960;193;174;105;Province1960;x
1961;163;215;81;Province1961;x
1962;67;211;87;Province1962;x
1963;220;241;32;Province1963;x
1964;155;239;77;Province1964;x
1965;107;114;54;Province1965;x
1966;138;218;75;Province1966;x
1967;124;157;53;Province1967;x
1968;175;49;11;Province1968;x
1969;125;144;83;Province1969;x
1970;130;36;99;Province1970;x
1971;85;189;121;Province1971;x
1972;67;201;6;Province1972;x
1973;241;166;23;Province1973;x
1974;82;109;74;Province1974;x
1975;192;217;32;Province1975;x
1976;235;235;7;Province1976;x
1977;155;249;71;Province1977;x
1978;234;10;116;Province1978;x
1979;189;67;23;Province1979;x
1980;203;30;52;Province1980;x
1981;143;63;72;Province1981;x
1982;100;211;6;Province1982;x
1983;204;235;9;Province1983;x
1984;170;220;1;Province1984;x
1985;219;157;52;Province1985;x
1986;211;165;3;Province1986;x
1987;169;131;33;Province1987;x
1988;137;245;100;Province1988;x
1989;246;84;98;Province1989;x
1990;87;27;73;Province1990;x
1991;141;185;3;Province1991;x
1992;179;157;81;Province1992;x
1993;229;141;108;Province1993;x
1994;202;55;11;Province1994;x
1995;226;50;61;Province1995;x
1996;96;42;8;Province1996;x
1997;234;78;6;Province1997;x
1998;199;203;107;Province1998;x
1999;115;210;58;Province1999;x
2000;250;247;92;Province2000;x
2001;182;115;115;Province2001;x
2002;125;179;9;Province2002;x
2003;112;122;57;Province2003;x
2004;189;21;48;Province2004;x
2005;208;175;98;Province2005;x
2006;151;63;65;Province2006;x
2007;187;214;16;Province2007;x
2008;165;26;123;Province2008;x
2009;243;70;94;Province2009;x
2010;219;150;53;Province2010;x
2011;85;94;56;Province2011;x
2012;209;235;82;Province2012;x
2013;237;228;69;Province2013;x
2014;251;109;99;Province2014;x
2015;129;157;88;Province2015;x
2016;237;11;111;Province2016;x
2017;85;117;31;Province2017;x
2018;192;218;33;Province2018;x
2019;79;19;104;Province2019;x
2020;137;152;119;Province2020;x
2021;142;30;99;Province2021;x
2022;204;8;2;Province2022;x
2023;199;187;84;Province2023;x
2024;226;110;64;Province2024;x
2025;114;195;17;Province2025;x
2026;97;4;6;Province2026;x
2027;118;24;120;Province2027;x
2028;168;50;112;Province2028;x
2029;232;124;3;Province2029;x
2030;175;16;120;Province2030;x
2031;222;37;63;Province2031;x
2032;98;203;36;Province2032;x
2033;134;34;104;Province2033;x
2034;174;160;13;Province2034;x
2035;221;245;47;Province2035;x
2036;95;109;42;Province2036;x
2037;129;8;123;Province2037;x
2038;213;96;53;Province2038;x
2039;254;26;68;Province2039;x
2040;168;210;50;Province2040;x
2041;118;57;20;Province2041;x
2042;197;190;45;Province2042;x
2043;65;221;5;Province2043;x
2044;236;165;110;Province2044;x
2045;143;64;122;Province2045;x
2046;149;190;111;Province2046;x
2047;209;144;105;Province2047;x
2048;155;87;57;Province2048;x
2049;251;123;16;Province2049;x
2050;65;33;44;Province2050;x
2051;201;149;103;Province2051;x
2052;194;81;7;Province2052;x
2053;127;66;42;Province2053;x
2054;183;123;102;Province2054;x
2055;111;210;25;Province2055;x
2056;178;6;33;Province2056;x
2057;215;239;83;Province2057;x
2058;178;70;17;Province2058;x
2059;169;103;91;Province2059;x
2060;215;254;56;Province2060;x
2061;186;194;0;Province2061;x
2062;148;174;124;Province2062;x
2063;162;254;6;Province2063;x
2064;233;6;16;Province2064;x
2065;173;4;51;Province2065;x
2066;145;130;96;Province2066;x
2067;242;14;61;Province2067;x
2068;188;57;73;Province2068;x
2069;169;112;11;Province2069;x
2070;74;149;28;Province2070;x
2071;80;158;86;Province2071;x
2072;124;5;108;Province2072;x
2073;228;36;28;Province2073;x
2074;238;191;45;Province2074;x
2075;103;186;54;Province2075;x
2076;198;237;102;Province2076;x
2077;127;106;60;Province2077;x
2078;119;169;114;Province2078;x
2079;71;146;28;Province2079;x
2080;143;106;50;Province2080;x
2081;168;217;55;Province2081;x
2082;204;176;17;Province2082;x
2083;130;203;95;Province2083;x
2084;71;40;60;Province2084;x
2085;96;225;86;Province2085;x
2086;110;103;66;Province2086;x
2087;109;230;56;Province2087;x
2088;142;166;122;Province2088;x
2089;200;187;35;Province2089;x
2090;121;112;102;Province2090;x
2091;235;193;92;Province2091;x
2092;180;74;90;Province2092;x
2093;142;28;36;Province2093;x
2094;107;232;15;Province2094;x
2095;164;114;118;Province2095;x
2096;72;230;100;Province2096;x
2097;151;104;21;Province2097;x
2098;137;245;5;Province2098;x
2099;110;125;47;Province2099;x
2100;104;16;12;Province2100;x
2101;81;98;121;Province2101;x
2102;223;197;24;Province2102;x
2103;78;65;73;Province2103;x
2104;124;148;15;Province2104;x
2105;71;84;71;Province2105;x
2106;217;201;33;Province2106;x
2107;127;244;83;Province2107;x
2108;178;5;104;Province2108;x
2109;104;154;88;Province2109;x
2110;249;221;63;Province2110;x
2111;90;40;24;Province2111;x
2112;187;112;120;Province2112;x
2113;180;51;73;Province2113;x
2114;91;219;92;Province2114;x
2115;137;201;30;Province2115;x
2116;133;55;7;Province2116;x
2117;92;139;117;Province2117;x
2118;93;248;114;Province2118;x
2119;235;22;100;Province2119;x
2120;103;47;75;Province2120;x
2121;114;42;90;Province2121;x
2122;254;129;79;Province2122;x
2123;129;133;38;Province2123;x
2124;164;88;99;Province2124;x
2125;79;30;61;Province2125;x
2126;152;112;14;Province2126;x
2127;105;234;111;Province2127;x
2128;156;231;35;Province2128;x
2129;133;55;33;Province2129;x
2130;70;220;107;Province2130;x
2131;247;84;11;Province2131;x
2132;223;146;24;Province2132;x
2133;152;6;85;Province2133;x
2134;232;62;4;Province2134;x
2135;146;244;88;Province2135;x
2136;112;192;15;Province2136;x
2137;104;88;37;Province2137;x
2138;78;67;62;Province2138;x
2139;225;148;3;Province2139;x
2140;128;184;53;Province2140;x
2141;216;172;122;Province2141;x
2142;238;43;122;Province2142;x
2143;159;88;38;Province2143;x
2144;177;152;30;Province2144;x
2145;177;111;39;Province2145;x
2146;236;108;41;Province2146;x
2147;235;134;87;Province2147;x
2148;205;171;46;Province2148;x
2149;123;78;113;Province2149;x
2150;215;252;119;Province2150;x
2151;90;9;122;Province2151;x
2152;174;166;0;Province2152;x
2153;209;242;110;Province2153;x
2154;127;107;94;Province2154;x
2155;233;243;118;Province2155;x
2156;148;9;74;Province2156;x
2157;118;158;52;Province2157;x
2158;177;214;3;Province2158;x
2159;223;15;33;Province2159;x
2160;202;86;68;Province2160;x
2161;230;223;116;Province2161;x
2162;92;205;125;Province2162;x
2163;82;165;116;Province2163;x
2164;157;134;97;Province2164;x
2165;79;103;70;Province2165;x
2166;72;48;22;Province2166;x
2167;205;65;95;Province2167;x
2168;153;199;119;Province2168;x
2169;242;121;67;Province2169;x
2170;164;87;75;Province2170;x
2171;137;236;121;Province2171;x
2172;195;142;23;Province2172;x
2173;99;234;44;Province2173;x
2174;248;15;17;Province2174;x
2175;240;182;32;Province2175;x
2176;93;192;123;Province2176;x
2177;221;207;34;Province2177;x
2178;102;58;52;Province2178;x
2179;254;173;36;Province2179;x
2180;184;1;6;Province2180;x
2181;217;18;24;Province2181;x
2182;155;122;51;Province2182;x
2183;157;148;124;Province2183;x
2184;118;252;15;Province2184;x
2185;233;33;60;Province2185;x
2186;197;194;75;Province2186;x
2187;246;148;30;Province2187;x
2188;152;37;108;Province2188;x
2189;202;157;28;Province2189;x
2190;168;61;31;Province2190;x
2191;162;239;20;Province2191;x
2192;80;35;29;Province2192;x
2193;97;135;17;Province2193;x
2194;67;214;59;Province2194;x
2195;67;123;57;Province2195;x
2196;165;58;115;Province2196;x
2197;198;239;42;Province2197;x
2198;147;115;45;Province2198;x
2199;208;251;109;Province2199;x
2200;179;205;23;Province2200;x
2201;140;124;10;Province2201;x
2202;232;187;15;Province2202;x
2203;132;34;12;Province2203;x
2204;130;51;103;Province2204;x
2205;132;20;119;Province2205;x
2206;81;138;64;Province2206;x
2207;193;173;8;Province2207;x
2208;238;114;36;Province2208;x
2209;1;28;227;;x
2210;21;1;145;;x
2211;30;91;144;;x
2212;27;61;198;;x
2213;25;22;198;;x
2214;43;77;184;;x
2215;17;71;173;;x
2216;4;9;176;;x
2217;16;121;247;;x
2218;14;80;236;;x
2219;7;107;159;;x
2220;59;115;174;;x
2221;52;52;231;;x
2222;36;34;219;;x
2223;32;58;208;;x
2224;1;124;225;;x
